, 13090
$, 645
s, 351
2015, 134
total amount due, 120
read, 110
0.00, 110
1, 104
current, 99
electric supply, 96
www.northwesternenergy.com, 91
aug, 88
.0000000, 87
30, 85
due date, 81
service, 80
demand, 80
, 80
jul, 79
jun, 78
sep, 77
read dates, 76
to, 76
billed, 76
may, 75
from, 75
days, 75
5.25, 74
days of service, 73
avg. cost per day, 72
account number, 72
code, 71
2014, 70
previous, 70
actual, 70
apr, 69
meter, 69
service charge, 68
account number:, 67
delivery charges, 67
account summary, 61
previous balance, 60
electric delivery, 60
nov, 58
dec, 57
amount, 57
feb, 56
res. deferred supply, 55
jan, 54
32, 54
res. distribution delivery, 54
payments received, 53
res. supply, 53
affordable homes, 53
res. service charge, 52
invoice, 51
oct, 49
natural gas supply, 49
mar, 48
res. usbc, 48
current invoice charges, 47
natural gas delivery, 46
affordable homes incorporated, 46
usage, 44
page 1, 42
current charges, 41
total current charges, 41
7.30, 41
message board, 41
amount enclosed, 41
northwestern energy, 41
page 2, 41
1-877-361-4927, 41
40 e broadway st., 40
customer:, 40
account description:, 40
your electric usage (kwh), 40
kwh used, 40
electric service, 40
total, 40
#bwnkjdl, 40
mult, 40
kwh, 40
total delivery services, 40
1-800-218-4959, 40
res. transmission delivery, 40
reference, 40
1.0, 40
missoula mt 59804-1350, 40
butte, mt 59701-9394, 39
supply, 39
butte, mt 59707-0001, 39
customer name:, 39
service address:, 39
kwh meter readings, 39
electric delivery total, 39
rate definitions and how to calculate, 39
customer service: 1-888-467-2669, 39
delivery, 38
invoice date, 38
